Workbook

Sheet Pipeline
A1: CONTROLE DE PROSPECCAO - RODRIGUES CONTABILIDADE
A2: ID | B2: Data_Entrada | C2: Razao_Social | D2: Nome_Fantasia | E2: CNPJ | F2: Segmento | G2: Bairro | H2: Telefone | I2: WhatsApp | J2: Porte | K2: Cunha | L2: Status | M2: Data_D0 | N2: D3_Prevista | O2: D7_Prevista | P2: D30_Prevista | Q2: Proxima_Acao | R2: Alerta | S2: Dias_Parado | T2: Respondeu | U2: Economia_Mensal | V2: Retroativo | W2: Honorario | X2: Data_Fechamento | Y2: Observacoes
A3: 1 | B3: =TODAY() -> 46254 | C3: AUTO PECAS SILVA LTDA | D3: Silva Autopecas | E3: 12.345.678/0001-90 | F3: Autopecas - varejo | G3: Messejana | H3: (85) 99999-8888 | I3: =IF(H3="","",HYPERLINK("https://wa.me/55"&SUBSTITUTE(SUBSTITUTE(SUBSTITUTE(SUBSTITUTE(H3,"(",""),")",""),"-","")," ",""),"Abrir")) -> Abrir | J3: ME | K3: Monofasico | L3: D0 enviado | M3: =TODAY() -> 46254 | N3: =IF(M3="","",WORKDAY(M3,3)) -> 46259 | O3: =IF(M3="","",WORKDAY(M3,7)) -> 46265 | P3: =IF(M3="","",WORKDAY(M3,30)) -> 46296 | Q3: =IF(M3="","",IF(OR(T3="Sim",COUNTIF({"FECHADO";"Perdido";"Descartado"},L3)>0),"",IF(TODAY()<N3,N3,IF(TODAY()<O3,O3,IF(TODAY()<=P3,P3,""))))) -> 46259 | R3: =IF(C3="","",IF(COUNTIF({"FECHADO";"Perdido";"Descartado"},L3)>0,"-",IF(M3="","INICIAR",IF(T3="Sim","RESPONDEU",IF(Q3="","ESGOTADO",IF(Q3<TODAY(),"ATRASADO",IF(Q3=TODAY(),"HOJE","No prazo"))))))) -> No prazo | S3: =IF(M3="","",TODAY()-M3) -> 0 | T3: Nao | Y3: LINHA DE EXEMPLO - apague antes de usar
I4: =IF(H4="","",HYPERLINK("https://wa.me/55"&SUBSTITUTE(SUBSTITUTE(SUBSTITUTE(SUBSTITUTE(H4,"(",""),")",""),"-","")," ",""),"Abrir")) | N4: =IF(M4="","",WORKDAY(M4,3)) | O4: =IF(M4="","",WORKDAY(M4,7)) | P4: =IF(M4="","",WORKDAY(M4,30)) | Q4: =IF(M4="","",IF(OR(T4="Sim",COUNTIF({"FECHADO";"Perdido";"Descartado"},L4)>0),"",IF(TODAY()<N4,N4,IF(TODAY()<O4,O4,IF(TODAY()<=P4,P4,""))))) | R4: =IF(C4="","",IF(COUNTIF({"FECHADO";"Perdido";"Descartado"},L4)>0,"-",IF(M4="","INICIAR",IF(T4="Sim","RESPONDEU",IF(Q4="","ESGOTADO",IF(Q4<TODAY(),"ATRASADO",IF(Q4=TODAY(),"HOJE","No prazo"))))))) | S4: =IF(M4="","",TODAY()-M4)
I5: =IF(H5="","",HYPERLINK("https://wa.me/55"&SUBSTITUTE(SUBSTITUTE(SUBSTITUTE(SUBSTITUTE(H5,"(",""),")",""),"-","")," ",""),"Abrir")) | N5: =IF(M5="","",WORKDAY(M5,3)) | O5: =IF(M5="","",WORKDAY(M5,7)) | P5: =IF(M5="","",WORKDAY(M5,30)) | Q5: =IF(M5="","",IF(OR(T5="Sim",COUNTIF({"FECHADO";"Perdido";"Descartado"},L5)>0),"",IF(TODAY()<N5,N5,IF(TODAY()<O5,O5,IF(TODAY()<=P5,P5,""))))) | R5: =IF(C5="","",IF(COUNTIF({"FECHADO";"Perdido";"Descartado"},L5)>0,"-",IF(M5="","INICIAR",IF(T5="Sim","RESPONDEU",IF(Q5="","ESGOTADO",IF(Q5<TODAY(),"ATRASADO",IF(Q5=TODAY(),"HOJE","No prazo"))))))) | S5: =IF(M5="","",TODAY()-M5)
I6: =IF(H6="","",HYPERLINK("https://wa.me/55"&SUBSTITUTE(SUBSTITUTE(SUBSTITUTE(SUBSTITUTE(H6,"(",""),")",""),"-","")," ",""),"Abrir")) | N6: =IF(M6="","",WORKDAY(M6,3)) | O6: =IF(M6="","",WORKDAY(M6,7)) | P6: =IF(M6="","",WORKDAY(M6,30)) | Q6: =IF(M6="","",IF(OR(T6="Sim",COUNTIF({"FECHADO";"Perdido";"Descartado"},L6)>0),"",IF(TODAY()<N6,N6,IF(TODAY()<O6,O6,IF(TODAY()<=P6,P6,""))))) | R6: =IF(C6="","",IF(COUNTIF({"FECHADO";"Perdido";"Descartado"},L6)>0,"-",IF(M6="","INICIAR",IF(T6="Sim","RESPONDEU",IF(Q6="","ESGOTADO",IF(Q6<TODAY(),"ATRASADO",IF(Q6=TODAY(),"HOJE","No prazo"))))))) | S6: =IF(M6="","",TODAY()-M6)
I7: =IF(H7="","",HYPERLINK("https://wa.me/55"&SUBSTITUTE(SUBSTITUTE(SUBSTITUTE(SUBSTITUTE(H7,"(",""),")",""),"-","")," ",""),"Abrir")) | N7: =IF(M7="","",WORKDAY(M7,3)) | O7: =IF(M7="","",WORKDAY(M7,7)) | P7: =IF(M7="","",WORKDAY(M7,30)) | Q7: =IF(M7="","",IF(OR(T7="Sim",COUNTIF({"FECHADO";"Perdido";"Descartado"},L7)>0),"",IF(TODAY()<N7,N7,IF(TODAY()<O7,O7,IF(TODAY()<=P7,P7,""))))) | R7: =IF(C7="","",IF(COUNTIF({"FECHADO";"Perdido";"Descartado"},L7)>0,"-",IF(M7="","INICIAR",IF(T7="Sim","RESPONDEU",IF(Q7="","ESGOTADO",IF(Q7<TODAY(),"ATRASADO",IF(Q7=TODAY(),"HOJE","No prazo"))))))) | S7: =IF(M7="","",TODAY()-M7)
I8: =IF(H8="","",HYPERLINK("https://wa.me/55"&SUBSTITUTE(SUBSTITUTE(SUBSTITUTE(SUBSTITUTE(H8,"(",""),")",""),"-","")," ",""),"Abrir")) | N8: =IF(M8="","",WORKDAY(M8,3)) | O8: =IF(M8="","",WORKDAY(M8,7)) | P8: =IF(M8="","",WORKDAY(M8,30)) | Q8: =IF(M8="","",IF(OR(T8="Sim",COUNTIF({"FECHADO";"Perdido";"Descartado"},L8)>0),"",IF(TODAY()<N8,N8,IF(TODAY()<O8,O8,IF(TODAY()<=P8,P8,""))))) | R8: =IF(C8="","",IF(COUNTIF({"FECHADO";"Perdido";"Descartado"},L8)>0,"-",IF(M8="","INICIAR",IF(T8="Sim","RESPONDEU",IF(Q8="","ESGOTADO",IF(Q8<TODAY(),"ATRASADO",IF(Q8=TODAY(),"HOJE","No prazo"))))))) | S8: =IF(M8="","",TODAY()-M8)
I9: =IF(H9="","",HYPERLINK("https://wa.me/55"&SUBSTITUTE(SUBSTITUTE(SUBSTITUTE(SUBSTITUTE(H9,"(",""),")",""),"-","")," ",""),"Abrir")) | N9: =IF(M9="","",WORKDAY(M9,3)) | O9: =IF(M9="","",WORKDAY(M9,7)) | P9: =IF(M9="","",WORKDAY(M9,30)) | Q9: =IF(M9="","",IF(OR(T9="Sim",COUNTIF({"FECHADO";"Perdido";"Descartado"},L9)>0),"",IF(TODAY()<N9,N9,IF(TODAY()<O9,O9,IF(TODAY()<=P9,P9,""))))) | R9: =IF(C9="","",IF(COUNTIF({"FECHADO";"Perdido";"Descartado"},L9)>0,"-",IF(M9="","INICIAR",IF(T9="Sim","RESPONDEU",IF(Q9="","ESGOTADO",IF(Q9<TODAY(),"ATRASADO",IF(Q9=TODAY(),"HOJE","No prazo"))))))) | S9: =IF(M9="","",TODAY()-M9)
I10: =IF(H10="","",HYPERLINK("https://wa.me/55"&SUBSTITUTE(SUBSTITUTE(SUBSTITUTE(SUBSTITUTE(H10,"(",""),")",""),"-","")," ",""),"Abrir")) | N10: =IF(M10="","",WORKDAY(M10,3)) | O10: =IF(M10="","",WORKDAY(M10,7)) | P10: =IF(M10="","",WORKDAY(M10,30)) | Q10: =IF(M10="","",IF(OR(T10="Sim",COUNTIF({"FECHADO";"Perdido";"Descartado"},L10)>0),"",IF(TODAY()<N10,N10,IF(TODAY()<O10,O10,IF(TODAY()<=P10,P10,""))))) | R10: =IF(C10="","",IF(COUNTIF({"FECHADO";"Perdido";"Descartado"},L10)>0,"-",IF(M10="","INICIAR",IF(T10="Sim","RESPONDEU",IF(Q10="","ESGOTADO",IF(Q10<TODAY(),"ATRASADO",IF(Q10=TODAY(),"HOJE","No prazo"))))))) | S10: =IF(M10="","",TODAY()-M10)
I11: =IF(H11="","",HYPERLINK("https://wa.me/55"&SUBSTITUTE(SUBSTITUTE(SUBSTITUTE(SUBSTITUTE(H11,"(",""),")",""),"-","")," ",""),"Abrir")) | N11: =IF(M11="","",WORKDAY(M11,3)) | O11: =IF(M11="","",WORKDAY(M11,7)) | P11: =IF(M11="","",WORKDAY(M11,30)) | Q11: =IF(M11="","",IF(OR(T11="Sim",COUNTIF({"FECHADO";"Perdido";"Descartado"},L11)>0),"",IF(TODAY()<N11,N11,IF(TODAY()<O11,O11,IF(TODAY()<=P11,P11,""))))) | R11: =IF(C11="","",IF(COUNTIF({"FECHADO";"Perdido";"Descartado"},L11)>0,"-",IF(M11="","INICIAR",IF(T11="Sim","RESPONDEU",IF(Q11="","ESGOTADO",IF(Q11<TODAY(),"ATRASADO",IF(Q11=TODAY(),"HOJE","No prazo"))))))) | S11: =IF(M11="","",TODAY()-M11)
I12: =IF(H12="","",HYPERLINK("https://wa.me/55"&SUBSTITUTE(SUBSTITUTE(SUBSTITUTE(SUBSTITUTE(H12,"(",""),")",""),"-","")," ",""),"Abrir")) | N12: =IF(M12="","",WORKDAY(M12,3)) | O12: =IF(M12="","",WORKDAY(M12,7)) | P12: =IF(M12="","",WORKDAY(M12,30)) | Q12: =IF(M12="","",IF(OR(T12="Sim",COUNTIF({"FECHADO";"Perdido";"Descartado"},L12)>0),"",IF(TODAY()<N12,N12,IF(TODAY()<O12,O12,IF(TODAY()<=P12,P12,""))))) | R12: =IF(C12="","",IF(COUNTIF({"FECHADO";"Perdido";"Descartado"},L12)>0,"-",IF(M12="","INICIAR",IF(T12="Sim","RESPONDEU",IF(Q12="","ESGOTADO",IF(Q12<TODAY(),"ATRASADO",IF(Q12=TODAY(),"HOJE","No prazo"))))))) | S12: =IF(M12="","",TODAY()-M12)
I13: =IF(H13="","",HYPERLINK("https://wa.me/55"&SUBSTITUTE(SUBSTITUTE(SUBSTITUTE(SUBSTITUTE(H13,"(",""),")",""),"-","")," ",""),"Abrir")) | N13: =IF(M13="","",WORKDAY(M13,3)) | O13: =IF(M13="","",WORKDAY(M13,7)) | P13: =IF(M13="","",WORKDAY(M13,30)) | Q13: =IF(M13="","",IF(OR(T13="Sim",COUNTIF({"FECHADO";"Perdido";"Descartado"},L13)>0),"",IF(TODAY()<N13,N13,IF(TODAY()<O13,O13,IF(TODAY()<=P13,P13,""))))) | R13: =IF(C13="","",IF(COUNTIF({"FECHADO";"Perdido";"Descartado"},L13)>0,"-",IF(M13="","INICIAR",IF(T13="Sim","RESPONDEU",IF(Q13="","ESGOTADO",IF(Q13<TODAY(),"ATRASADO",IF(Q13=TODAY(),"HOJE","No prazo"))))))) | S13: =IF(M13="","",TODAY()-M13)
I14: =IF(H14="","",HYPERLINK("https://wa.me/55"&SUBSTITUTE(SUBSTITUTE(SUBSTITUTE(SUBSTITUTE(H14,"(",""),")",""),"-","")," ",""),"Abrir")) | N14: =IF(M14="","",WORKDAY(M14,3)) | O14: =IF(M14="","",WORKDAY(M14,7)) | P14: =IF(M14="","",WORKDAY(M14,30)) | Q14: =IF(M14="","",IF(OR(T14="Sim",COUNTIF({"FECHADO";"Perdido";"Descartado"},L14)>0),"",IF(TODAY()<N14,N14,IF(TODAY()<O14,O14,IF(TODAY()<=P14,P14,""))))) | R14: =IF(C14="","",IF(COUNTIF({"FECHADO";"Perdido";"Descartado"},L14)>0,"-",IF(M14="","INICIAR",IF(T14="Sim","RESPONDEU",IF(Q14="","ESGOTADO",IF(Q14<TODAY(),"ATRASADO",IF(Q14=TODAY(),"HOJE","No prazo"))))))) | S14: =IF(M14="","",TODAY()-M14)
I15: =IF(H15="","",HYPERLINK("https://wa.me/55"&SUBSTITUTE(SUBSTITUTE(SUBSTITUTE(SUBSTITUTE(H15,"(",""),")",""),"-","")," ",""),"Abrir")) | N15: =IF(M15="","",WORKDAY(M15,3)) | O15: =IF(M15="","",WORKDAY(M15,7)) | P15: =IF(M15="","",WORKDAY(M15,30)) | Q15: =IF(M15="","",IF(OR(T15="Sim",COUNTIF({"FECHADO";"Perdido";"Descartado"},L15)>0),"",IF(TODAY()<N15,N15,IF(TODAY()<O15,O15,IF(TODAY()<=P15,P15,""))))) | R15: =IF(C15="","",IF(COUNTIF({"FECHADO";"Perdido";"Descartado"},L15)>0,"-",IF(M15="","INICIAR",IF(T15="Sim","RESPONDEU",IF(Q15="","ESGOTADO",IF(Q15<TODAY(),"ATRASADO",IF(Q15=TODAY(),"HOJE","No prazo"))))))) | S15: =IF(M15="","",TODAY()-M15)
... I302: =IF(H302="","",HYPERLINK("https://wa.me/55"&SUBSTITUTE(SUBSTITUTE(SUBSTITUTE(SUBSTITUTE(H302,"(",""),")",""),"-","")," ",""),"Abrir")) | N302: =IF(M302="","",WORKDAY(M302,3)) | O302: =IF(M302="","",WORKDAY(M302,7)) | P302: =IF(M302="","",WORKDAY(M302,30)) | Q302: =IF(M302="","",IF(OR(T302="Sim",COUNTIF({"FECHADO";"Perdido";"Descartado"},L302)>0),"",IF(TODAY()<N302,N302,IF(TODAY()<O302,O302,IF(TODAY()<=P302,P302,""))))) | R302: =IF(C302="","",IF(COUNTIF({"FECHADO";"Perdido";"Descartado"},L302)>0,"-",IF(M302="","INICIAR",IF(T302="Sim","RESPONDEU",IF(Q302="","ESGOTADO",IF(Q302<TODAY(),"ATRASADO",IF(Q302=TODAY(),"HOJE","No prazo"))))))) | S302: =IF(M302="","",TODAY()-M302)

Sheet Painel
A1: PAINEL SEMANAL
A3: FUNIL
A4: Leads na base | B4: =COUNTIF(Pipeline!$C$3:$C$302,"<>") -> 1 | C4: Total de linhas preenchidas
A5: Nao iniciados | B5: =COUNTIF(Pipeline!$L$3:$L$302,"Nao iniciado") -> 0 | C5: Fila a atacar
A6: Contatados (D0 enviado ou alem) | B6: =COUNTIF(Pipeline!$C$3:$C$302,"<>")-COUNTIF(Pipeline!$L$3:$L$302,"Nao iniciado")-COUNTIF(Pipeline!$L$3:$L$302,"Descartado") -> 1 | C6: Meta: 200 por mes = 10 por dia util
A7: Responderam | B7: =COUNTIF(Pipeline!$T$3:$T$302,"Sim") -> 0 | C7: Meta: 25% a 30% dos contatados
A8: Diagnosticos aceitos | B8: =COUNTIF(Pipeline!$L$3:$L$302,"Diagnostico aceito")+COUNTIF(Pipeline!$L$3:$L$302,"Docs recebidos")+COUNTIF(Pipeline!$L$3:$L$302,"Relatorio entregue")+COUNTIF(Pipeline!$L$3:$L$302,"Proposta enviada")+COUNTIF(Pipeline!$L$3:$L$302,"FECHADO") -> 0 | C8: Meta: 20 por mes
A9: Relatorios entregues | B9: =COUNTIF(Pipeline!$L$3:$L$302,"Relatorio entregue")+COUNTIF(Pipeline!$L$3:$L$302,"Proposta enviada")+COUNTIF(Pipeline!$L$3:$L$302,"FECHADO") -> 0 | C9: Meta: 10 a 12 por mes
A10: FECHADOS | B10: =COUNTIF(Pipeline!$L$3:$L$302,"FECHADO") -> 0 | C10: Meta: 4 a 5 por mes
A11: Perdidos | B11: =COUNTIF(Pipeline!$L$3:$L$302,"Perdido") -> 0
A13: TAXAS DE CONVERSAO
A14: Resposta | B14: =IFERROR(B6/B5,0) -> 0 | C14: Abaixo de 20% = script ou lista ruim
A15: Contato -> diagnostico | B15: =IFERROR(B7/B5,0) -> 0 | C15: Referencia: 10%
A16: Diagnostico -> fechamento | B16: =IFERROR(B9/B7,0) -> 0 | C16: Referencia: 35% a 45%
A17: Conversao total | B17: =IFERROR(B9/B5,0) -> 0 | C17: Referencia: 2% a 2,5%
A19: FINANCEIRO
A20: Economia mensal identificada | B20: =SUM(Pipeline!$U$3:$U$302) -> 0 | C20: Soma de toda a base
A21: Retroativo identificado | B21: =SUM(Pipeline!$V$3:$V$302) -> 0
A22: Honorario mensal fechado | B22: =SUMIF(Pipeline!$L$3:$L$302,"FECHADO",Pipeline!$W$3:$W$302) -> 0 | C22: Novo MRR gerado pela prospeccao
A23: Taxa de exito a receber (25%) | B23: =SUMIF(Pipeline!$L$3:$L$302,"FECHADO",Pipeline!$V$3:$V$302)*0.25 -> 0 | C23: So apos homologacao/credito
A25: ACAO DO DIA
A26: Atrasados | B26: =COUNTIF(Pipeline!$R$3:$R$302,"ATRASADO") -> 0 | C26: Resolver antes de prospectar novo
A27: Follow-up para hoje | B27: =COUNTIF(Pipeline!$R$3:$R$302,"HOJE") -> 0
A28: Aguardando sua resposta | B28: =COUNTIF(Pipeline!$R$3:$R$302,"RESPONDEU") -> 0 | C28: Prioridade maxima

Sheet Como usar
A1: CRM DE PROSPECCAO - RODRIGUES CONTABILIDADE
A3: REGRA GERAL
A4: Voce preenche APENAS as celulas com fundo amarelo.
A5: Todo o resto e formula e se atualiza sozinho ao abrir o arquivo.
A7: O QUE PREENCHER
A8: Razao_Social, Nome_Fantasia, CNPJ, Segmento, Bairro, Telefone, Porte
A9: -> cole direto da saida do script 01 (leads_fortaleza.xlsx).
A10: Cunha -> qual argumento voce vai usar: Monofasico, Fator R, Recem-aberta ou Indicacao.
A11: Status -> atualize a cada movimento. Lista suspensa na propria celula.
A12: Data_D0 -> data em que voce mandou a PRIMEIRA mensagem. E o gatilho de toda a cadencia.
A13: Respondeu -> mude para 'Sim' assim que houver qualquer resposta. Isso PARA o follow-up automatico.
A14: Economia_Mensal / Retroativo -> preencha apos o diagnostico.
... A38: 2. Status 'Perdido' nao e definitivo: volta para a fila em 75 dias, com outra cunha.
